Date,Calories (kcal),Distance (m),Average heart rate (bpm),Max heart rate (bpm),Min heart rate (bpm),Low latitude (deg),Low longitude (deg),High latitude (deg),High longitude (deg),Average speed (m/s),Max speed (m/s),Min speed (m/s),Step count,Biking duration (ms),Inactive duration (ms),Walking duration (ms),Running duration (ms)
2014-10-30,,,,,,,,,,,,,4909,,48352598,2497333,
2014-10-31,,,,,,,,,,,,,396,,86400000,,
2014-11-01,,,,,,,,,,,,,635,,86400000,,
2014-11-02,,,,,,,,,,,,,292,,86400000,,
2014-11-03,,,,,,,,,,,,,464,,86400000,,
2014-11-04,,,,,,,,,,,,,782,,76874300,148077,
2014-11-05,,,,,,12.9032373428,77.5905075073,12.9032373428,77.5905075073,,,,1482,,84569366,340844,
2014-11-06,,,,,,,,,,,,,331,,86400000,,
2014-11-07,,,,,,,,,,,,,1656,,78402865,645905,
2014-11-08,,,,,,,,,,,,,168,,85694260,,
2014-11-09,,,,,,,,,,,,,761,,86400000,,
2014-11-10,,,,,,,,,,,,,889,,79794677,,
2014-11-11,,,,,,,,,,,,,245,,86400000,,
2014-11-12,,,,,,,,,,,,,253,,86400000,,
2014-11-13,,,,,,,,,,,,,522,,86400000,,
2014-11-14,,,,,,,,,,,,,461,,86400000,,
2014-11-15,,,,,,,,,,,,,5192,,86400000,,
2014-11-16,,,,,,12.9107103348,77.5860977173,12.9110078812,77.5862350464,,,,3522,,81623081,1570836,
2014-11-17,,,,,,,,,,,,,509,,86400000,,
2014-11-18,,,,,,,,,,,,,430,,86400000,,
2014-11-19,,,,,,,,,,,,,369,,86400000,,
2014-11-20,,,,,,,,,,,,,266,,86400000,,
2014-11-21,,,,,,,,,,,,,387,,86400000,,
2014-11-22,,,,,,,,,,,,,866,,86400000,,
2014-11-23,,,,,,,,,,,,,535,,86400000,,
2014-11-24,,,,,,,,,,,,,241,,86400000,,
2014-11-25,,,,,,12.9031848907,77.5861740112,12.9112024307,77.5903396606,,,,489,,52569614,34833,
2014-11-26,,,,,,,,,,,,,170,,28562515,,
2014-11-27,,,,,,,,,,,,,2335,,80938826,1233118,
2014-11-28,,,,,,,,,,,,,576,,86400000,,
2014-11-29,,,,,,,,,,,,,521,,84778443,,
2014-11-30,,,,,,,,,,,,,141,,86224909,,
2014-12-01,,,,,,,,,,,,,340,,86400000,,
2014-12-02,,,,,,,,,,,,,162,,86400000,,
2014-12-03,,,,,,,,,,,,,270,,86400000,,
2014-12-04,,,,,,,,,,,,,643,,86400000,,
2014-12-05,,,,,,,,,,,,,553,,86400000,,
2014-12-06,,,,,,,,,,,,,147,,83961343,,
2014-12-07,,,,,,,,,,,,,138,,86400000,,
2014-12-08,,,,,,,,,,,,,265,,40832064,69119,
2014-12-09,,,,,,,,,,,,,868,,,,
2014-12-10,,,,,,,,,,,,,1121,,75202629,425895,
2014-12-11,,,,,,,,,,,,,293,,86400000,,
2014-12-12,,,,,,,,,,,,,616,,86400000,,
2014-12-13,,11.6954193115,,,,12.9030256271,77.5903549194,12.9030914307,77.5904388428,,,,10,,86400000,,
2014-12-14,,,,,,,,,,,,,797,,86400000,,
2014-12-15,,,,,,,,,,,,,485,,86400000,,
2014-12-16,,,,,,,,,,,,,347,,86400000,,
2014-12-17,,,,,,,,,,,,,1514,,84256740,664142,
2014-12-18,,,,,,,,,,,,,2696,,79381187,1363677,
2014-12-19,,4499.7475585938,,,,12.8875102997,77.5783462524,12.8880767822,77.5784912109,,,,2606,,80495383,1318038,
2014-12-20,,6863.4052734375,,,,12.9604110718,77.6415786743,12.9654922485,77.6425018311,,,,368,,85856441,,
2014-12-21,,13245.392578125,,,,12.903096199,77.5904464722,12.971862793,77.6065750122,8.5313615799,12.7350502014,1.2040560246,9953,,68119849,5730288,
2014-12-22,,19003.55859375,,,,12.9049434662,77.5862121582,12.9633140564,77.6488800049,1.7884932756,11.2715358734,0.9695186615,2914,,76173398,1451977,
2014-12-23,,750.9986572266,,,,,,,,,,,735,,86400000,,
2014-12-24,,750.9986572266,,,,,,,,,,,542,,86400000,,
2014-12-25,,20064.078125,,,,12.897564888,77.5926132202,12.966217041,77.6415863037,4.4208188057,8.2510061264,1.3619945049,2156,,45179107,1377356,
2014-12-26,,1099.0261230469,,,,,,,,,,,514,,,,
2014-12-27,,1099.0261230469,,,,,,,,,,,484,,,,
2014-12-28,,1088.8439941406,,,,12.9029960632,77.5876312256,12.9083585739,77.5903625488,0.7751559019,0.7751559019,0.7751559019,537,,,,
2014-12-29,,,,,,,,,,,,,666,,86400000,,
2014-12-30,,,,,,,,,,,,,1844,,79485384,853649,
2014-12-31,,1559.3157958984,,,,12.9030914307,77.586265564,12.9114732742,77.5904006958,,,,8884,,77015643,4528952,145013
2015-01-01,,410.2686462402,,,,,,,,,,,277,,86400000,,
2015-01-02,,410.2686462402,,,,,,,,,,,825,,86400000,,
2015-01-03,,10493.6806640625,,,,12.9114055634,77.585357666,12.9758014679,77.6074447632,2.6425764561,10.2674283981,0.5096384287,5462,557939,71374613,2687238,
2015-01-04,,,,,,,,,,,,,1452,,54226152,,
2015-01-05,,,,,,,,,,,,,593,,86400000,,
2015-01-06,,,,,,,,,,,,,611,,86400000,,
2015-01-07,,,,,,,,,,,,,903,,86400000,,
2015-01-08,,6599.1098632813,,,,12.9028482437,77.5591049194,12.9294347763,77.5919647217,4.6643195152,10.6725254059,0.5496525764,4704,,70018325,2435688,
2015-01-09,,,,,,,,,,,,,1359,,85138617,473470,
2015-01-10,,,,,,,,,,,,,1191,,81916803,,
2015-01-11,,,,,,,,,,,,,299,,86400000,,
2015-01-12,,,,,,,,,,,,,293,,86400000,,
2015-01-13,,,,,,,,,,,,,369,,86400000,,
2015-01-14,,,,,,,,,,,,,1049,,86145077,,
2015-01-15,,,,,,,,,,,,,162,,84201806,,
2015-01-16,,,,,,,,,,,,,755,,86400000,,
2015-01-17,,,,,,,,,,,,,307,,86400000,,
2015-01-18,,,,,,,,,,,,,165,,86400000,,
2015-01-19,,,,,,,,,,,,,394,,86400000,,
2015-01-20,,,,,,,,,,,,,196,,86400000,,
2015-01-21,,,,,,,,,,,,,774,,86400000,,
2015-01-22,,,,,,,,,,,,,328,,86277923,,
2015-01-23,,,,,,,,,,,,,409,,86400000,,
2015-01-24,,19256.234375,,,,12.9030628204,77.56980896,12.9807548523,77.6174468994,6.8857359886,6.8857359886,6.8857359886,3613,,74347077,1724478,
2015-01-25,,4050.6982421875,,,,12.9030828476,77.590423584,12.9031267166,77.590461731,,,,170,,86400000,,
2015-01-26,,366.9711608887,,,,,,,,,,,408,,86400000,,
2015-01-27,,366.9711608887,,,,,,,,,,,842,,86400000,,
2015-01-28,,13084.421875,,,,12.902961731,77.5850601196,12.9340314865,77.6213607788,1.8199875355,9.9134597778,0.5793898702,1579,,80063072,357908,
2015-01-29,,,,,,,,,,,,,1152,,75928409,455544,
2015-01-30,,,,,,,,,,,,,437,,86400000,,
2015-01-31,,,,,,,,,,,,,589,,86400000,,
2015-02-01,,,,,,,,,,,,,273,,86400000,,
2015-02-02,,,,,,,,,,,,,788,,86400000,,
2015-02-03,,,,,,,,,,,,,118,,86400000,,
2015-02-04,,,,,,,,,,,,,452,,86233077,,
2015-02-05,,,,,,,,,,,,,922,,86400000,,
2015-02-06,,38497.9375,,,,12.9030504227,77.5676116943,12.9966964722,77.7015457153,3.301964283,7.9309206009,0.9773789644,3418,,69762649,1759439,
2015-02-07,,3131.6635742188,,,,,,,,,,,1680,,69685774,816741,
2015-02-08,,3131.6635742188,,,,,,,,,,,336,,86400000,,
2015-02-09,,3131.6635742188,,,,,,,,,,,508,,86400000,,
2015-02-10,,3131.6635742188,,,,,,,,,,,353,,86400000,,
2015-02-11,,4221.4995117188,,,,12.9110832214,77.5865020752,12.9114837646,77.5865249634,,,,274,,86400000,,
2015-02-12,,3112.5148925781,,,,12.9367742538,77.6269989014,12.9370288849,77.6276016235,1.0245345831,1.0245345831,1.0245345831,1403,,74654063,552577,
2015-02-13,,,,,,,,,,,,,1261,,82849578,496916,
2015-02-14,,,,,,,,,,,,,3594,,77070022,3927994,
2015-02-15,,,,,,,,,,,,,258,,86400000,,
2015-02-16,,,,,,,,,,,,,393,,86400000,,
2015-02-17,,,,,,,,,,,,,94,,57572060,,
2015-02-18,,,,,,,,,,,,,145,,86400000,,
2015-02-19,,-3,,,,,,,,,,,6942,,77595903,3618808,220545
2015-02-20,,,,,,,,,,,,,1099,,85682177,,
2015-02-21,,-3,,,,,,,,,,,255,,85870373,,
2015-02-22,,,,,,,,,,,,,150,,86400000,,
2015-02-23,,,,,,,,,,,,,102,,86400000,,
2015-02-24,,-3,,,,,,,,,,,552,,86400000,,
2015-02-25,,-3,,,,,,,,,,,1397,,82329330,,
2015-02-26,,5709.6440429688,,,,12.9369039536,77.6264953613,12.9623947144,77.6483154297,2.3070714474,14.197558403,1.1366533041,685,,58259157,377861,
2015-02-27,,4343.3046875,,,,,,,,,,,2045,,86400000,,
2015-02-28,,84642.890625,,,,12.5339002609,77.5644836426,12.9782094955,77.9671707153,6.0900411606,10.2492446899,0.516410768,1160,,37104748,585853,
2015-03-01,,297.616394043,,,,8.6277179718,78.0227203369,8.6296033859,78.0246887207,11.9584140778,11.9584140778,11.9584140778,776,,78835433,,
2015-03-02,,,,,,,,,,,,,857,,86400000,,
2015-03-03,,14504.8037109375,,,,12.9008646011,77.5693130493,12.9843378067,77.5905914307,1.4690797329,3.3038480282,0.5338544846,2327,,68026712,951231,
2015-03-04,,165196.046875,,,,12.9028339386,77.031036377,28.675989151,77.7092895508,7.257537365,15.5468940735,0.5242162347,4169,,40848256,2266440,
2015-03-05,,-3,,,,,,,,,,,328,,79331994,,
2015-03-06,,,,,,,,,,,,,255,,86400000,,
2015-03-07,,,,,,28.6032066345,77.2921447754,28.6032066345,77.2921447754,,,,169,,86400000,,
2015-03-08,,-3,,,,,,,,,,,1195,,86400000,,
2015-03-09,,9917.005859375,,,,28.5895805359,77.2558517456,28.60313797,77.2921447754,,,,1750,,77729138,450502,60016
2015-03-10,,1175.8989257813,,,,28.6029891968,77.2920379639,28.6031703949,77.2922363281,,,,593,,85968096,,
2015-03-11,,188598.328125,,,,12.9027881622,77.1194229126,28.612865448,77.7098464966,5.2631630898,20.0288333893,0.643276155,2871,,62068904,1570666,
2015-03-12,,-3,,,,,,,,,,,868,,86400000,,
2015-03-13,,,,,,,,,,,,,561,,86400000,,
2015-03-14,,,,,,,,,,,,,251,,86400000,,
2015-03-15,,-3,,,,,,,,,,,156,,86301679,,
2015-03-16,,-3,,,,,,,,,,,348,,85877193,,
2015-03-17,,,,,,12.910785675,77.5860671997,12.9114370346,77.5865707397,,,,9753,,73957552,5454651,117989
2015-03-18,,-3,,,,,,,,,,,405,,86056632,,
2015-03-19,,,,,,,,,,,,,80,,86400000,,
2015-03-20,,-3,,,,,,,,,,,531,,86400000,,
2015-03-21,,,,,,,,,,,,,188,,86400000,,
2015-03-22,,,,,,,,,,,,,126,,86400000,,
2015-03-23,,,,,,,,,,,,,212,,86400000,,
2015-03-24,,,,,,,,,,,,,446,,86400000,,
2015-03-25,,17,,,,12.902961731,77.5860519409,12.9113960266,77.5905227661,1.0359903574,1.2199846506,0.8519960046,1031,,85643000,160316,
2015-03-26,,-3,,,,,,,,,,,293,,80747736,,
2015-03-27,,-3,,,,,,,,,,,703,474962,83214630,260101,
2015-03-28,,,,,,,,,,,,,302,,86400000,,
2015-03-29,,,,,,12.7906045914,77.5049819946,12.7906045914,77.5049819946,,,,1374,,86400000,,
2015-03-30,,-3,,,,,,,,,,,2117,,82107769,912049,
2015-03-31,,,,,,,,,,,,,913,,86400000,,
2015-04-01,,,,,,,,,,,,,435,,86400000,,
2015-04-02,,,,,,12.9029712677,77.5901184082,12.9034366608,77.5904388428,,,,5671,,80323924,3140259,
2015-04-03,,76,,,,12.9007110596,77.5857772827,12.9615240097,77.6444320679,7.4964599609,13.2831392288,1.4558224678,1838,865382,78463003,770083,
2015-04-04,,292,,,,12.9011325836,77.5900115967,12.9615020752,77.6443710327,2.7942552567,8.501955986,0.7596437335,1839,,80806215,1041891,
2015-04-05,,,,,,12.9666318893,77.6359863281,12.9703073502,77.6480636597,4.695350647,7.0634822845,1.4873056412,7447,,73630591,4263944,60068
2015-04-06,,,,,,12.9030208588,77.5904159546,12.9032049179,77.5905761719,,,,785,,86400000,,
2015-04-07,,,,,,,,,,,,,812,,28172551,342602,
2015-04-08,,,,,,,,,,,,,1201,,73866152,,
2015-04-09,,,,,,,,,,,,,408,,86400000,,
2015-04-10,,-9,90.445526123,157.8947296143,50.4460601807,,,,,,,,11372,5346178,69256697,1193450,
2015-04-11,,,,,,12.9287443161,77.6192169189,12.9339427948,77.6232070923,2.3012070656,4.7074074745,1.2970255613,2509,,80545980,59810,
2015-04-12,,,50.420173645,50.420173645,50.420173645,,,,,,,,2522,,64761539,1703526,
2015-04-13,,-3,,,,,,,,,,,7117,2598056,76081959,909669,
2015-04-14,,-3,90.9090957642,90.9090957642,90.9090957642,,,,,,,,1653,1109774,85214933,,
2015-04-15,,,57.3123397827,61.22448349,50.3575210571,,,,,,,,15614,,86400000,,
2015-04-16,,-3,54.5499649048,55.0458679199,54.054058075,,,,,,,,4653,,86400000,,
2015-04-17,,,124.9168624878,219.5138244629,58.2524261475,,,,,,,,435,,83512366,,
2015-04-18,,,74.4206771851,88.2352905273,60.6060600281,,,,,,,,1909,,86400000,,
2015-04-19,,-3,,,,,,,,,,,1166,,85229824,,
2015-04-20,,,70.4791717529,162.1778411865,50.8516120911,12.9031248093,77.5903778076,12.9031248093,77.5903778076,,,,9342,,86400000,,
2015-04-21,,,,,,,,,,,,,7458,,81097881,3499530,
2015-04-22,,,,,,,,,,,,,132,,86400000,,
2015-04-23,,,,,,,,,,,,,4758,,86400000,,
2015-04-24,,,,,,12.9027080536,77.5896835327,12.9032621384,77.5907211304,,,,4164,,82203021,,
2015-04-25,,,,,,,,,,,,,5585,,77773761,547157,
2015-04-26,,,,,,,,,,,,,4784,,86400000,,
2015-04-27,,109.013671875,,,,12.9028902054,77.5410690308,12.9911231995,77.6321105957,2.7714073658,17.3285865784,0.6353649497,1550,,76407340,633951,
2015-04-28,,,,,,,,,,,,,8673,833070,83548436,,
2015-04-29,,,,,,,,,,,,,9958,,86400000,,
2015-04-30,,,,,,,,,,,,,5313,,86400000,,
2015-05-01,,,,,,,,,,,,,2941,,83890008,,
2015-05-02,,,,,,,,,,,,,3910,,85801830,116896,
2015-05-03,,,,,,,,,,,,,11704,,86400000,,
2015-05-04,,,,,,,,,,,,,10738,,51203202,,
2015-05-05,,,,,,,,,,,,,2427,,,,
2015-05-06,,,,,,,,,,,,,1063,,,,
2015-05-07,,,,,,,,,,,,,4837,,,,
2015-05-08,,,,,,,,,,,,,2987,,,,
2015-05-09,,,,,,12.9031543732,77.5904998779,12.9031543732,77.5904998779,,,,952,,45871022,,
2015-05-10,,,,,,,,,,,,,4506,,86400000,,
2015-05-11,,,,,,,,,,,,,9280,,86400000,,
2015-05-12,,,,,,,,,,,,,4902,,86400000,,
2015-05-13,,,,,,,,,,,,,1677,,86400000,,
2015-05-14,,,,,,,,,,,,,6253,,86400000,,
2015-05-15,,,,,,,,,,,,,354,,86400000,,
2015-05-16,,,,,,,,,,,,,7569,,86400000,,
2015-05-17,,,,,,,,,,,,,4516,,86400000,,
2015-05-18,,,,,,,,,,,,,4211,,86400000,,
2015-05-19,,,,,,,,,,,,,7779,,86400000,,
2015-05-20,,,,,,,,,,,,,6779,,86400000,,
2015-05-21,,,,,,,,,,,,,7379,,86400000,,
2015-05-22,,,,,,,,,,,,,4888,,86400000,,
2015-05-23,,335.2963256836,,,,12.891450882,77.580947876,12.9287385941,77.5907669067,0.7761093378,2.0156981945,0.5081731081,6849,,76361715,2638863,
2015-05-24,,,,,,,,,,,,,1399,,86400000,,
2015-05-25,,,,,,,,,,,,,3411,,86400000,,
2015-05-26,,,,,,,,,,,,,836,,76490054,,
2015-05-27,,,,,,,,,,,,,2495,,17575592,,
2015-05-28,,,,,,,,,,,,,1623,,,,
2015-05-29,,,,,,,,,,,,,5655,,,,
2015-05-30,,,,,,,,,,,,,1932,,,,
2015-05-31,,,,,,,,,,,,,1468,,,,
2015-06-01,,,,,,,,,,,,,4023,,,,
2015-06-02,,,,,,,,,,,,,5057,,,,
2015-06-03,,,,,,,,,,,,,6652,,47858225,,
2015-06-04,,,,,,,,,,,,,6827,,86400000,,
2015-06-05,,,,,,,,,,,,,9213,,86400000,,
2015-06-06,,152.8229370117,,,,12.902803421,77.5768966675,12.9275369644,77.590713501,3.6236789227,12.9333028793,0.6671290994,8701,1452608,74099150,2137652,
2015-06-07,,,,,,,,,,,,,8415,,23076267,198379,
2015-06-08,,,,,,,,,,,,,2087,,,,
2015-06-09,,,,,,,,,,,,,8629,,41745673,,
2015-06-10,,,,,,,,,,,,,4945,,86400000,,
2015-06-11,,,,,,,,,,,,,3823,,86400000,,
2015-06-12,,,,,,,,,,,,,3948,,86400000,,
2015-06-13,,,,,,,,,,,,,3639,,86400000,,
2015-06-14,,71.0422515869,,,,12.8653068542,77.5660476685,12.9065074921,77.5904998779,5.0147037506,12.4845933914,0.5400531888,2753,,77727008,453363,
2015-06-15,,,,,,12.9038515091,77.630065918,12.9339647293,77.6466293335,2.2609918118,18.8060131073,0.5264344811,4649,505240,68045686,2624368,
2015-06-16,,,,,,12.9030332565,77.5905075073,12.9030332565,77.5905075073,,,,2420,,86400000,,
2015-06-17,,,,,,,,,,,,,7263,,86400000,,
2015-06-18,,,,,,12.9030570984,77.5904693604,12.9030570984,77.5904693604,,,,3118,,86400000,,
2015-06-19,,,,,,12.9029521942,77.5866851807,12.9115371704,77.5916976929,1.0117112398,1.1522513628,0.8711711168,4843,,86400000,,
2015-06-20,,,,,,,,,,,,,11254,,86400000,,
2015-06-21,,16.9872741699,,,,12.9030103683,77.5606384277,12.9295186996,77.5905380249,5.7042226791,14.4460458755,0.5013535619,3501,,40812923,747746,
2015-06-22,,,,,,,,,,,,,2937,,,,
2015-06-23,,,,,,,,,,,,,5029,,,,
2015-06-24,,,,,,,,,,,,,4618,,,,
2015-06-25,,,,,,,,,,,,,8698,,,,
2015-06-26,,,,,,,,,,,,,5247,,,,
2015-06-27,,,,,,,,,,,,,4292,,86400000,,
2015-06-28,,,,,,,,,,,,,3422,,86400000,,
2015-06-29,,,,,,,,,,,,,3185,,86400000,,
2015-06-30,,,,,,,,,,,,,5584,,86400000,,
2015-07-01,,,,,,,,,,,,,4677,,86400000,,
2015-07-02,,,,,,,,,,,,,1343,,86400000,,
2015-07-03,,528.3281860352,,,,12.8886795044,77.5794754028,12.9032001495,77.5908584595,,,,9723,,54804126,3852930,
2015-07-04,,,,,,,,,,,,,2532,,63761246,,
2015-07-05,,,,,,12.9028463364,77.5778656006,12.920466423,77.5905075073,2.9672341347,9.9373626709,0.5539852381,3105,,77793353,275873,
2015-07-06,,,,,,12.9030771255,77.5904464722,12.9031028748,77.5905075073,,,,3266,,86311978,,
2015-07-07,,,,,,,,,,,,,2057,,86400000,,
2015-07-08,,,,,,,,,,,,,5262,,86400000,,
2015-07-09,,,,,,,,,,,,,5280,,86400000,,
2015-07-10,,,,,,,,,,,,,5876,,86400000,,
2015-07-11,,4842.001953125,,,,12.9731035233,77.6165542603,12.9734668732,77.6171035767,2.0630216599,5.8400158882,0.5882392526,9020,4468974,78128356,1224219,
2015-07-12,,,,,,12.9029893875,77.5903930664,12.9031219482,77.5905685425,,,,368,,86400000,,
2015-07-13,,228.4926147461,,,,12.90275383,77.587020874,12.966796875,77.6452026367,3.0076014996,14.7346124649,0.5163476467,2754,,77519161,391577,
2015-07-14,,,,,,,,,,,,,3566,1501942,75318577,1727253,
2015-07-15,,,,,,,,,,,,,846,829334,82388975,31011,
2015-07-16,,,,,,,,,,,,,7007,,81972001,115584,
2015-07-17,,,,,,,,,,,,,5355,,73348171,672764,
2015-07-18,,,,,,,,,,,,,3742,,86400000,,
2015-07-19,,,,,,,,,,,,,2088,,86400000,,
2015-07-20,,,,,,,,,,,,,5503,,86400000,,
2015-07-21,,,,,,12.9030294418,77.5904159546,12.9031238556,77.5905380249,,,,2516,,82760804,227689,
2015-07-22,,,,,,,,,,,,,2163,,84181267,,
2015-07-23,,,,,,,,,,,,,4776,,86400000,,
2015-07-24,,,,,,,,,,,,,4366,,86400000,,
2015-07-25,,,,,,,,,,,,,3995,,86400000,,
2015-07-26,,,,,,,,,,,,,1797,,86400000,,
2015-07-27,,,,,,,,,,,,,5020,,85834484,,
2015-07-28,,,,,,,,,,,,,4260,,70270033,3297826,
2015-07-29,,,,,,,,,,,,,14200,,84969566,223781,
2015-07-30,,,,,,,,,,,,,4288,,86400000,,
2015-07-31,,,,,,,,,,,,,9202,,86164245,,
2015-08-01,,,,,,,,,,,,,4292,,86400000,,
2015-08-02,,,,,,,,,,,,,11510,,86400000,,
2015-08-03,,,,,,12.9030599594,77.5904693604,12.9372310638,77.6277236938,4.1628365517,8.5481185913,0.5140921474,3851,1651848,79009694,1750567,
2015-08-04,,1740,,,,12.9011545181,77.5817337036,12.9363660812,77.6158905029,1.2394365072,8.3458795547,0.6641686559,12870,1745592,71008673,6678529,
2015-08-05,,,,,,,,,,,,,3422,,73136442,2366246,
2015-08-06,,,,,,,,,,,,,2015,,86400000,,
2015-08-07,,,,,,,,,,,,,7679,,86400000,,
2015-08-08,,,,,,,,,,,,,508,,86400000,,
2015-08-09,,,,,,,,,,,,,1043,,86400000,,
2015-08-10,,,,,,12.9029579163,77.5728683472,12.9147138596,77.592048645,3.254357338,7.6295480728,0.5155978799,3577,,78438903,1331092,
2015-08-11,,,,,,,,,,,,,4889,,24375351,,
2015-08-12,,,,,,,,,,,,,487,,,,
2015-08-13,,,,,,,,,,,,,1531,,30794193,,
2015-08-14,,,,,,,,,,,,,2403,,86400000,,
2015-08-15,,,,,,,,,,,,,1865,,86400000,,
2015-08-16,,,,,,,,,,,,,5942,,86400000,,
2015-08-17,,,,,,12.9010601044,77.5902328491,12.9068212509,77.5983734131,,,,2483,2587224,69330578,821380,
2015-08-18,,,,,,8.4769964218,76.9185028076,13.2015533447,77.7089309692,5.0646066666,18.6408786774,0.5936857462,1728,1740683,61432583,1478140,
2015-08-19,,,,,,9.3831262589,76.3677368164,9.3833646774,76.3678588867,,,,3595,,61050350,1641306,
2015-08-20,,,,,,,,,,,,,14726,,67625914,275765,
2015-08-21,,,,,,8.1883392334,76.995262146,8.4605731964,77.4071350098,7.3805336952,16.7888507843,0.7779502273,13796,,68306700,4961858,
2015-08-22,,,,,,,,,,,,,12419,,85542784,,
2015-08-23,,,,,,13.1989326477,77.7072067261,13.2000980377,77.7097244263,0.7943259478,0.7943259478,0.7943259478,13452,,61567478,3683771,
2015-08-24,,,,,,,,,,,,,646,,70696037,,
2015-08-25,,,,,,,,,,,,,4447,1219632,82853492,102977,
2015-08-26,,433.163848877,,,,12.9030914307,77.1046295166,28.604139328,77.7095794678,1.8463674784,13.9385156631,0.5342145562,5402,1071176,62903561,1667739,
2015-08-27,,130.0820617676,,,,13.0104703903,77.5838851929,13.2037973404,77.7185516357,1.5324642658,5.1600432396,0.5837583542,5757,,8692006,617017,
2015-08-28,,,,,,12.9030847549,77.5904159546,12.9031400681,77.5904769897,,,,377,,32870389,,
2015-08-29,,,,,,,,,,,,,286,,86400000,,
2015-08-30,,,,,,,,,,,,,2174,,84256944,43779,
2015-08-31,,,,,,12.9030923843,77.5904159546,12.9031448364,77.5904693604,,,,863,,78602451,94162,
2015-09-01,,,,,,,,,,,,,436,998375,78380570,,
2015-09-02,,,,,,,,,,,,,2720,,81917682,565188,
2015-09-03,,,,,,,,,,,,,7202,1108969,69935980,3628929,
2015-09-04,,,,,,,,,,,,,4351,516497,61920302,1835307,
2015-09-05,,,,,,,,,,,,,6721,1223956,76172040,4302320,
2015-09-06,,6.3720316887,,,,12.9011278152,77.5889587402,12.9033069611,77.5916824341,1.2839330435,1.8238290548,0.5572718382,4880,1363308,77200238,2271463,
2015-09-07,,,,,,,,,,,,,1323,,81487793,835303,
2015-09-08,,,,,,,,,,,,,7671,,69870293,4186083,
2015-09-09,,,,,,12.9272851944,77.5975189209,12.9665317535,77.6054000854,3.5184421539,9.0375947952,0.9326626658,4373,,63613245,1872619,
2015-09-10,,,,,,,,,,,,,2538,,75867880,1367872,
2015-09-11,,,,,,,,,,,,,5543,661580,73692135,2825801,
2015-09-12,,,,,,,,,,,,,3667,,68095226,1882157,
2015-09-13,,,,,,,,,,,,,5277,,72399750,2882514,
2015-09-14,,524,,,,12.9003334045,77.5902557373,12.9823255539,77.6068725586,1.2362161875,14.8323020935,0.5186548829,7450,1381953,61194805,5149888,
2015-09-15,,,,,,,,,,,,,8493,2987391,67496374,5526402,
2015-09-16,,,,,,,,,,,,,5884,644765,74801944,3843547,
2015-09-17,,,,,,,,,,,,,3015,3220057,77622779,2148753,
2015-09-18,,,,,,,,,,,,,3808,,78703622,1885221,
2015-09-19,,,,,,,,,,,,,9286,,72442744,6233350,
2015-09-20,,,,,,,,,,,,,1602,,86012734,,
2015-09-21,,,,,,,,,,,,,7314,,86400000,,
2015-09-22,,,,,,,,,,,,,8996,,86400000,,
2015-09-23,,141,,,,12.9003992081,77.5855712891,12.9857215881,77.7289352417,2.4520065784,13.1098136902,0.5092621446,4977,,61146593,1176743,
2015-09-24,,,,,,,,,,,,,4548,1588852,68414893,1693265,
2015-09-25,,,,,,,,,,,,,3701,,81531503,2118629,60994
2015-09-26,,,,,,,,,,,,,907,455018,85661195,46772,
2015-09-27,,,,,,,,,,,,,1758,1191516,83673268,1375776,
2015-09-28,,,,,,,,,,,,,3015,,77543452,1458036,
2015-09-29,,,,,,,,,,,,,4601,4469355,78747153,1918035,
2015-09-30,,,,,,,,,,,,,3197,2493729,70074604,577307,
2015-10-01,,,,,,,,,,,,,2304,,79292992,1525858,
2015-10-02,,,,,,,,,,,,,13662,2442581,68751207,6435096,
2015-10-03,,,,,,,,,,,,,13036,,62446726,7815785,
2015-10-04,,,,,,,,,,,,,5385,,66814573,2790941,
2015-10-05,,,,,,,,,,,,,2640,,82745813,1588460,
2015-10-06,,,,,,,,,,,,,1763,1395441,78438859,928008,
2015-10-07,,,,,,,,,,,,,1541,3129926,73633883,90346,
2015-10-08,,,,,,,,,,,,,2249,4345600,75653149,961064,
2015-10-09,,,,,,12.9012403488,77.5895309448,12.9686908722,77.6383743286,2.1891160011,14.2106933594,0.5164096951,2819,,69656664,1219372,
2015-10-10,,31.4193153381,,,,12.9013004303,77.5901641846,12.9685935974,77.6382369995,6.8789987564,13.4791851044,0.5200442076,3586,2180011,69214768,1135147,
2015-10-11,,30,,,,12.9012937546,77.5838394165,13.1136369705,77.6067352295,12.6887083054,20.9828338623,3.9021770954,8154,,58736129,3242401,
2015-10-12,,505,,,,18.9268379211,72.808631897,19.0944805145,72.8569259644,1.2991071939,20.8254070282,0.5033039451,24303,,39746821,15739197,
2015-10-13,,,,,,12.9015026093,77.5901184082,12.901884079,77.5904541016,1.5727772713,2.3407232761,0.6116894484,3611,,72569310,1234456,
2015-10-14,,,,,,12.9011726379,77.5903015137,12.901725769,77.5904388428,0.7677767277,0.8179365993,0.5542278886,6536,920503,74601179,2627373,
2015-10-15,,,,,,,,,,,,,9793,1595008,41504994,6328451,
2015-10-16,,,,,,,,,,,,,12183,991428,66657787,7326659,
2015-10-17,,,,,,,,,,,,,6467,,73629550,5473342,
2015-10-18,,,,,,51.8035469055,20.381362915,52.2310638428,21.021478653,0.8630567789,1.0300428867,0.5971947908,17386,1008283,63051136,10534650,213749
2015-10-19,,2834.7036132813,,,,52.2067947388,21.0121021271,52.2397499084,21.0325584412,1.2109943628,15.7736654282,0.5093167424,21816,,61897470,13283190,
2015-10-20,,5107.7934570313,,,,52.2299728394,20.9922847748,52.2506332397,21.022195816,1.590208292,8.568406105,0.5105691552,22311,,68049158,14512547,
2015-10-21,,1040.9045410156,,,,52.1724395752,-6.3166632652,53.427986145,21.0148544312,2.1309397221,13.2943401337,0.5069564581,20182,,34469648,12469640,
2015-10-22,,861,,,,52.6668510437,-9.3477125168,53.351108551,-6.2523393631,10.6143226624,28.0461387634,0.5159185529,18176,,38776690,12082380,
2015-10-23,,1915.9405517578,,,,53.3414077759,-6.2865047455,53.3486213684,-6.2588567734,0.8128042817,3.3035538197,0.5017057657,17429,794886,59493069,10693638,
2015-10-24,,3232.1103515625,,,,53.3368759155,-6.2684278488,53.3522834778,-6.250931263,1.2090041637,5.4197402,0.5040487647,16034,,50312264,9806116,
2015-10-25,,1774,,,,53.3406257629,-6.2681307793,53.3526306152,-6.2502026558,1.2731907368,2.4969544411,0.6497401595,8338,1400858,65613736,4025696,
2015-10-26,,1252.6517333984,,,,47.4210128784,-6.269349575,53.4296112061,19.2621936798,1.436435461,18.3515033722,0.5020260215,13314,3190725,44588193,8925585,
2015-10-27,,4636.2495117188,,,,47.4827384949,19.0491085052,47.5072135925,19.0818138123,1.460875392,23.4133663177,0.5013357401,16726,8191900,58565099,9116629,
2015-10-28,,2215.8266601563,,,,47.4931640625,19.0449676514,47.5085754395,19.0699939728,2.6460280418,14.2603731155,0.5016905665,16424,1547024,62115790,10476679,
2015-10-29,,2056.2934570313,,,,47.4944229126,19.0325679779,47.5083427429,19.0744533539,1.1216365099,7.3334736824,0.5077453256,18962,3026343,64311281,11304259,
2015-10-30,,774,,,,47.4947738647,19.051651001,47.5181922913,19.0786304474,1.2330521345,2.3731839657,0.5003287196,18202,2106658,67779416,10384308,
2015-10-31,,2676.1284179688,,,,47.4940872192,19.0586700439,47.5064201355,19.0674095154,1.3351210356,8.1901435852,0.5026986599,13678,451271,73942654,7971659,
2015-11-01,,234,,,,12.9012765884,77.5836029053,13.2001085281,77.7099380493,0.7506023645,1.4634320736,0.5087069273,2208,,55631982,1855971,
2015-11-02,,,,,,12.9015188217,77.5903396606,12.9031410217,77.5904769897,,,,2690,528879,77651329,1300672,
2015-11-03,,450,,,,12.9008207321,77.5857925415,12.9831380844,77.7229919434,2.0047264099,13.337143898,0.5010042191,4226,,62029788,1527266,
2015-11-04,,,,,,,,,,,,,916,1601834,82793714,,
2015-11-05,,437,,,,12.9008808136,77.5900878906,12.9032726288,77.5907058716,1.3113889694,2.2825214863,0.5032212734,2999,,83303695,1441312,
2015-11-06,,,,,,,,,,,,,3210,,80577053,659083,
2015-11-07,,,,,,12.8758506775,77.582359314,12.9030790329,77.5981063843,1.8515979052,9.2360420227,0.5011774898,3620,1368671,71533055,768324,
2015-11-08,,,,,,12.9001665115,77.5903320313,12.9019517899,77.5907821655,1.689433217,5.9909768105,0.5184162855,2498,,84312640,251401,
2015-11-09,,,,,,12.9011468887,77.5890197754,12.9329538345,77.6231231689,1.0229959488,7.1283249855,0.5063831806,3992,2245839,69278762,645589,
2015-11-10,,,,,,,,,,,,,2541,,74721664,1297632,
2015-11-11,,,,,,12.8575229645,74.8389663696,13.0970239639,77.5904846191,12.3585948944,31.6677494049,0.5006110668,3067,,45310469,615449,
2015-11-12,,,,,,12.8822059631,74.7360534668,13.3498382568,74.8397216797,0.9218794703,15.0856227875,0.5093148351,5824,,61349749,4139077,
2015-11-13,,,,,,14.0064220428,74.5093307495,14.0588302612,74.5370941162,14.6203517914,16.0560207367,13.1846828461,13566,,41874500,8538859,
2015-11-14,,,,,,12.9558353424,75.3847503662,12.9558353424,75.3847503662,,,,5815,,54832286,2654178,
2015-11-15,,,,,,12.8586864471,76.1095733643,13.0991926193,77.5732498169,3.2724149227,19.9145431519,0.5128483772,6593,,45138063,4846195,
2015-11-16,,,,,,,,,,,,,2904,1805445,72621706,1364421,
2015-11-17,,,,,,,,,,,,,3287,,76860382,1252893,101187
2015-11-18,,,,,,,,,,,,,1124,,80641167,,
2015-11-19,,431,,,,12.9013605118,77.5890045166,12.9064064026,77.5905380249,,,,3860,1409070,76744281,1666836,
2015-11-20,,,,,,,,,,,,,7111,1765820,72808778,3812412,
2015-11-21,,,,,,,,,,,,,5218,,77101780,2324621,
2015-11-22,,,,,,,,,,,,,518,717694,80180277,,
2015-11-23,,,,,,,,,,,,,3511,,83972443,1208278,
2015-11-24,,,,,,,,,,,,,8141,6043410,71368186,5458993,
2015-11-25,,384,,,,12.9008550644,77.5857315063,12.9738283157,77.6965026855,1.374781847,13.9327640533,0.5038436055,8012,,58198883,4593614,
2015-11-26,,,,,,,,,,,,,3959,,78810646,2785904,
2015-11-27,,,,,,,,,,,,,7123,,69046622,3367447,
2015-11-28,,,,,,,,,,,,,2585,,70808267,2060592,
2015-11-29,,,,,,,,,,,,,1943,,83739020,973863,
2015-11-30,,,,,,,,,,,,,1651,,84882480,997694,
2015-12-01,,,,,,,,,,,,,2070,,81914657,1169037,
2015-12-02,,,,,,,,,,,,,10087,,86400000,,
2015-12-03,,,,,,,,,,,,,4440,,70981139,,
2015-12-04,,84.083732605,,,,12.9015245438,77.5901565552,12.9219465256,77.6515808105,1.5556504726,2.1486222744,0.5263685584,3741,955003,49898583,2232487,
2015-12-05,,3552.5180664063,,,,12.9014606476,77.5799942017,12.9770727158,77.6073455811,0.60389328,1.2210065126,0.5047739148,6448,870840,64769149,3830546,
2015-12-06,,,,,,12.9012641907,77.5884399414,12.9934158325,77.6003341675,1.8092956543,3.6717171669,0.5124781728,3031,,72851569,2447294,
2015-12-07,,,,,,,,,,,,,4809,,64553038,2087776,
2015-12-08,,,,,,,,,,,,,4776,3673011,69770364,1936990,
2015-12-09,,,,,,,,,,,,,3514,,78774667,1855370,
2015-12-10,,,,,,,,,,,,,5657,1027146,75917294,3843488,
2015-12-11,,,,,,,,,,,,,6859,,71599973,3293946,
2015-12-12,,,,,,12.9014310837,77.5691299438,12.9239196777,77.5904006958,,,,9073,,83120452,1964348,
2015-12-13,,6.6529955864,,,,12.9012269974,77.5902252197,13.2014541626,77.7097930908,2.0788488388,13.2356929779,0.9014726877,9315,2510871,59486585,6527811,
2015-12-14,,,,,,19.0930709839,72.8563995361,19.1313076019,72.9161148071,0.837939918,1.4704067707,0.5042887926,20208,,62411691,11488760,
2015-12-15,,118,,,,13.199338913,72.8704071045,19.1309547424,77.7100067139,3.788557291,15.5609006882,0.5063042045,7134,1116001,57822583,4300190,
2015-12-16,,,,,,12.9011411667,77.5479125977,13.0161380768,77.5920562744,2.4608836174,12.6875734329,0.5228006244,3954,568725,72264453,1814287,
2015-12-17,,,,,,,,,,,,,3417,,78446948,1262513,
2015-12-18,,,,,,,,,,,,,5497,1618550,80384044,2604160,
2015-12-19,,,,,,12.9062509537,77.5735397339,12.9168481827,77.5916824341,1.7117524147,1.7117524147,1.7117524147,9318,,70268152,4886024,
2015-12-20,,,,,,12.9012260437,77.5903930664,12.9339323044,77.6273422241,,,,821,,78603518,385668,
2015-12-21,,,,,,,,,,,,,1765,2794232,82557419,207194,
2015-12-22,,,,,,,,,,,,,3152,794988,82636165,1064220,
2015-12-23,,,,,,,,,,,,,2642,,86298217,71697,
2015-12-24,,,,,,,,,,,,,3498,,80350284,1916261,
2015-12-25,,,,,,12.9014759064,77.5801696777,12.9071397781,77.590461731,1.1536027193,1.8050435781,0.5021618605,2080,,77488492,966011,
2015-12-26,,,,,,,,,,,,,4950,,81529872,3396314,
2015-12-27,,,,,,,,,,,,,3200,,86400000,,
2015-12-28,,271.7397460938,,,,12.9012775421,77.5903625488,12.9302864075,77.6904449463,5,5,5,10054,,72229437,5802000,
2015-12-29,,490,,,,12.9012784958,77.5902175903,12.9063863754,77.5936508179,1.1981786489,1.3579260111,1.1097022295,4661,,70944509,2970584,
2015-12-30,,,,,,,,,,,,,1609,,84199706,83222,
2015-12-31,,,,,,,,,,,,,2273,,77486557,407559,
2016-01-01,,,,,,,,,,,,,2160,,84259090,1062744,
2016-01-02,,,,,,,,,,,,,935,,84621308,61930,
2016-01-03,,83.9051513672,,,,12.9011621475,77.5887756348,12.9345626831,77.6122817993,,,,3584,1974049,78258260,2366618,
2016-01-04,,,,,,,,,,,,,4931,,77748202,2978354,
2016-01-05,,,,,,,,,,,,,1708,,80897409,43564,
2016-01-06,,,,,,,,,,,,,2142,713313,78231306,1279448,
2016-01-07,,,,,,,,,,,,,4041,1630954,68295530,1573621,
2016-01-08,,,,,,,,,,,,,2087,,77554000,1208995,
2016-01-09,,,,,,,,,,,,,3939,,71603830,2618163,
2016-01-10,,,,,,,,,,,,,3586,1803717,73242463,1757610,
2016-01-11,,,,,,,,,,,,,6194,,72233378,3374003,
2016-01-12,,,,,,,,,,,,,7936,,70569037,4955043,
2016-01-13,,,,,,,,,,,,,8044,1439494,76382263,4007482,
2016-01-14,,,,,,,,,,,,,6256,,75598458,4174049,
2016-01-15,,,,,,,,,,,,,11933,,82677352,3444291,
2016-01-16,,,,,,,,,,,,,8633,,85812094,587906,
2016-01-17,,,,,,,,,,,,,7174,,86400000,,
2016-01-18,,,,,,,,,,,,,5290,,86400000,,
2016-01-19,,1559,,,,12.9012784958,77.5861282349,12.9119520187,77.5905303955,1.7841931581,3.8252635002,0.6027603149,8132,,83010014,2926069,
2016-01-20,,226.3338928223,,,,12.9010095596,77.5901794434,12.9380435944,77.6960372925,2.1407301426,2.1407301426,2.1407301426,10502,,70580420,4299203,
2016-01-21,,,,,,,,,,,,,11475,,86280665,119335,
2016-01-22,,,,,,,,,,,,,12587,,19127462,,
2016-01-23,,,,,,,,,,,,,4104,,,,
2016-01-24,,,,,,,,,,,,,3895,,,,
2016-01-25,,,,,,,,,,,,,6323,,,,
2016-01-26,,,,,,,,,,,,,12037,,,,
2016-01-27,,,,,,,,,,,,,10739,,,,
2016-01-28,,,,,,,,,,,,,10504,,,,
2016-01-29,,,,,,,,,,,,,4982,,51342226,,
2016-01-30,,,,,,,,,,,,,7291,,86400000,,
2016-01-31,,,,,,,,,,,,,2308,,86400000,,
2016-02-01,,,,,,,,,,,,,7427,,79920741,4282440,
2016-02-02,,,,,,,,,,,,,9651,,73936722,5573539,795926
2016-02-03,,,,,,,,,,,,,4532,1489274,79802461,1950193,
2016-02-04,,,,,,,,,,,,,4261,,79179477,1610030,
2016-02-05,,,,,,,,,,,,,5731,,86400000,,
2016-02-06,,,,,,,,,,,,,6423,,86400000,,
2016-02-07,,,,,,,,,,,,,8298,617310,70961873,4336832,
2016-02-08,,,,,,,,,,,,,2035,4857336,79970531,1047488,
2016-02-09,,,,,,13.0060892105,77.5720901489,13.0238752365,77.5793304443,5.4224634171,10.7015275955,1.1480337381,2116,,72959433,749299,
2016-02-10,,114.1419067383,,,,12.9010362625,77.5444412231,17.2371196747,78.429649353,3.9770987034,6.9677038193,0.9866531491,5435,895111,58170146,2415388,
2016-02-11,,176,,,,17.4003372192,78.4498062134,17.4448204041,78.4776382446,,,,3741,,66159056,2398008,
2016-02-12,,,,,,17.4165916443,78.4798660278,17.4434528351,78.5441818237,,,,3789,,50114838,2217865,
2016-02-13,,,,,,,,,,,,,5181,,60467659,3438809,
2016-02-14,,124.3126907349,,,,12.9009952545,77.5852279663,13.1434736252,77.6183624268,,,,6623,,61439992,3945837,
2016-02-15,,,,,,,,,,,,,3267,789567,80281771,1344809,
2016-02-16,,,,,,,,,,,,,2448,4473235,76341780,584047,
2016-02-17,,,,,,,,,,,,,1634,1111402,79891919,370484,
2016-02-18,,,,,,,,,,,,,1830,1572273,75345527,155012,
2016-02-19,,,,,,,,,,,,,9115,1194978,71510549,5005485,
2016-02-20,,,,,,,,,,,,,9022,739221,57258907,5210668,227745
2016-02-21,,,,,,,,,,,,,7247,,65913901,3283090,
2016-02-22,,,,,,,,,,,,,3239,2292648,69786111,1168443,
2016-02-23,,,,,,,,,,,,,11522,,85682954,,
2016-02-24,,252.0000152588,,,,12.9008665085,77.585899353,12.9384374619,77.6962432861,1.1820950508,1.5329645872,0.6462643743,5852,955100,75418639,3050244,
2016-02-25,,,,,,,,,,,,,5029,5910144,71220273,2518946,
2016-02-26,,,,,,,,,,,,,1446,3991766,81384247,,
2016-02-27,,,,,,12.9016218185,77.5902938843,12.9871406555,77.7365112305,6.8472695351,11.06208992,2.6324489117,3634,,57430908,2413130,
2016-02-28,,,,,,,,,,,,,4310,,80227537,2581109,
2016-02-29,,,,,,,,,,,,,2244,2247960,80749574,886189,
2016-03-01,,1280.6652832031,,,,12.9015731812,77.59009552,12.9094991684,77.5958862305,0.6891791821,1.3458732367,0.5046348572,5029,5199587,74929987,2751196,
2016-03-02,,,,,,,,,,,,,2073,3187096,81150582,1369989,
2016-03-03,,,,,,,,,,,,,3420,1740130,78218390,2177092,
2016-03-04,,300.1037902832,,,,12.9013433456,77.5856018066,12.9440069199,77.6970825195,1.6793520451,1.7066751719,1.6520287991,10343,,67522478,5873279,
2016-03-05,,1182,,,,12.9010810852,77.5899658203,12.9107103348,77.5958862305,1.3995671272,2.2074131966,0.5080282688,5633,,76477434,3730990,
2016-03-06,,372,,,,12.8669948578,77.5757064819,12.9034900665,77.5908432007,1.6829040051,3.8019573689,0.5598837733,5519,1059203,70275902,3066040,
2016-03-07,,,,,,12.9005899429,77.58568573,12.9261445999,77.5929412842,,,,2839,2186580,75798959,1237036,
2016-03-08,,,,,,,,,,,,,1606,,81244701,1405909,
2016-03-09,,,,,,,,,,,,,7651,1120129,84828371,267785,
2016-03-10,,,,,,,,,,,,,2308,,75742097,,
2016-03-11,,,,,,,,,,,,,3013,,64836119,1737054,
2016-03-12,,31.9268608093,,,,12.9016656876,77.5904006958,12.9639129639,77.6417694092,,,,7643,,64242379,3674287,
2016-03-13,,,,,,,,,,,,,5266,585628,59686502,1388714,
2016-03-14,,,,,,,,,,,,,4916,1057442,74923378,2770933,
2016-03-15,,,,,,,,,,,,,3794,1500718,81594541,1155039,
2016-03-16,,,,,,,,,,,,,8470,,86400000,,
2016-03-17,,,,,,,,,,,,,8505,,86400000,,
2016-03-18,,,,,,,,,,,,,5835,,86400000,,
2016-03-19,,,,,,,,,,,,,7593,,86400000,,
2016-03-20,,,,,,,,,,,,,4993,,86400000,,
2016-03-21,,,,,,12.9077329636,77.5958175659,12.9798870087,77.6644744873,,,,7624,,79766140,727200,
2016-03-22,,12.8142976761,,,,12.9015951157,77.5903549194,12.9797639847,77.6643600464,,,,5141,,47654127,2792632,
2016-03-23,,,,,,12.9014892578,77.5903396606,12.9797344208,77.6634597778,,,,4898,,66629572,2880453,
2016-03-24,,,,,,,,,,,,,4597,,72069614,2989189,
2016-03-25,,,,,,,,,,,,,7687,888107,75386517,4742100,
2016-03-26,,,,,,,,,,,,,4367,382860,65820199,2236839,
2016-03-27,,,,,,,,,,,,,7135,,77389428,4359099,
2016-03-28,,,,,,,,,,,,,9048,,64796531,5548211,
2016-03-29,,,,,,,,,,,,,6459,899491,76694226,4385527,
2016-03-30,,,,,,,,,,,,,5454,740971,79478369,3241327,
2016-03-31,,,,,,,,,,,,,7381,,79956842,4980013,
2016-04-01,,,,,,,,,,,,,5894,1248549,74367692,3238060,
2016-04-02,,,,,,,,,,,,,14964,,60876430,7411693,
2016-04-03,,,,,,,,,,,,,10022,1458300,53350179,4712443,
2016-04-04,,,,,,,,,,,,,7467,4455235,72161895,3468478,
2016-04-05,,,,,,,,,,,,,2925,3110617,79263604,1491114,
2016-04-06,,,,,,,,,,,,,7807,4486906,62776924,3307015,
2016-04-07,,,,,,,,,,,,,8302,1039517,73758935,6204778,
2016-04-08,,,,,,12.9015321732,77.5903396606,12.9032421112,77.5905151367,0.7531978488,0.8649816513,0.6414140463,5010,,42386393,3805038,
2016-04-09,,,,,,37.614654541,-122.389289856,37.6149368286,-122.3890686035,,,,4437,1007970,20826687,1508547,
2016-04-10,,,,,,37.4022827148,-121.96068573,37.4235877991,-121.9197540283,,,,4290,,71419106,2014643,
2016-04-11,,1069,,,,37.4209098816,-121.9239959717,37.4239845276,-121.91847229,1.2679456472,2.718038559,0.5014407039,13932,,69039892,9371142,
2016-04-12,,269,,,,37.4208526611,-121.9199371338,37.4239807129,-121.9162445068,1.2729536295,1.529406786,1.098725915,17234,,72751913,9956416,
2016-04-13,,,,,,37.4089241028,-121.9390792847,37.4198379517,-121.9319763184,,,,11719,340236,68055781,10651821,76328
2016-04-14,,777.0615234375,,,,37.4112625122,-121.9392700195,37.4320755005,-121.9150238037,0.6786010861,0.8602516651,0.5478566289,14760,,70372564,7717772,
2016-04-15,,2407,,,,37.3848648071,-121.9951095581,37.41223526,-121.9321899414,1.31988132,2.0292513371,0.564948678,18481,991255,63689036,15816962,
2016-04-16,,,,,,37.4032707214,-121.9417572021,37.4032974243,-121.9416656494,,,,7899,,58032759,4822090,
2016-04-17,,,,,,,,,,,,,3601,,57269359,2124026,
2016-04-18,,,,,,,,,,,,,9141,,65140509,4942698,
2016-04-19,,1758.3497314453,,,,37.4111824036,-121.936958313,37.4314002991,-121.9109115601,1.877078414,2.4649298191,1.2904063463,9681,,53619258,5481950,
2016-04-20,,285,,,,37.4108200073,-121.9370651245,37.4283752441,-121.9196624756,,,,9534,,68379877,5091952,
2016-04-21,,146,,,,37.40234375,-121.9425582886,37.4283943176,-121.9183197021,5.4477686882,15.1522283554,0.6103983521,4858,,63068310,2922028,
2016-04-22,,2034.2004394531,,,,37.3853340149,-122.084236145,37.431892395,-121.917640686,0.7357757688,10.3205690384,0.5379143357,12232,,56209701,8000764,
2016-04-23,,1608.8114013672,,,,37.3863983154,-122.0804138184,37.4235420227,-121.9110412598,0.6808489561,1.8189018965,0.5078197718,12011,,57788187,7855465,
2016-04-24,,,,,,37.3867225647,-121.9976501465,37.4236183167,-121.9182891846,,,,7907,1908561,61389452,5147152,
2016-04-25,,,,,,,,,,,,,10339,1642971,66849706,6144296,
2016-04-26,,649,,,,37.4113883972,-121.9347305298,37.4235916138,-121.9131469727,,,,11697,,70176478,7919111,
2016-04-27,,1871,,,,37.410572052,-121.9394378662,37.4237594604,-121.9161529541,5.3764953613,11.6748895645,0.5438055992,11943,,71629372,7851565,
2016-04-28,,,,,,37.410320282,-121.9377593994,37.4283943176,-121.9130935669,6.8289647102,21.5045433044,0.5042238235,4968,,63313542,3514256,
2016-04-29,,367.1464233398,,,,37.390171051,-122.080947876,37.4283943176,-121.9181976318,0.9159078598,1.4096844196,0.5383834839,5019,590374,67030760,2944872,
2016-04-30,,,,,,37.3742828369,-122.3896026611,37.6152458191,-121.9040603638,1.0267972946,25.1394882202,0.5043911338,2349,,43975518,1036217,
2016-05-01,,,,,,28.5546245575,77.0854797363,28.5565166473,77.0964431763,6.9405384064,12.1345500946,0.6790050268,1651,,30969459,1251175,
2016-05-02,,,,,,28.6030769348,77.292137146,28.6030769348,77.292137146,,,,4244,,71919597,1810918,
2016-05-03,,205,,,,28.5707321167,77.2900161743,28.6037139893,77.3260574341,0.7498309612,1.0458346605,0.5404939651,4815,2698320,73312485,2637616,
2016-05-04,,,,,,13.1192455292,77.1167297363,28.603767395,77.7099227905,3.5509107113,21.0125865936,0.5059707165,5321,,52653184,3972434,
2016-05-05,,,,,,12.9015846252,77.5902557373,12.9032487869,77.5904693604,,,,6232,4400765,76007397,3886257,
2016-05-06,,,,,,,,,,,,,5681,1522731,80194713,2833895,
2016-05-07,,,,,,,,,,,,,6332,367218,71612800,3508634,
2016-05-08,,,,,,,,,,,,,3260,,78973238,1418907,
2016-05-09,,1146,,,,12.9028863907,77.5856323242,12.9169912338,77.5926742554,4.1941566467,6.7196383476,0.5800920725,5743,1886040,74503644,2995898,
2016-05-10,,,,,,,,,,,,,6982,1568630,61247691,3568832,
2016-05-11,,,,,,,,,,,,,5616,1268759,78799922,882068,
2016-05-12,,1049.3197021484,,,,12.9011163712,77.5902404785,12.9367742538,77.6967544556,2.0530984402,3.3121683598,0.5055676699,11992,649323,66929536,7395715,
2016-05-13,,2722.669921875,,,,12.8895559311,77.5818328857,12.9239902496,77.5950775146,1.8814429045,11.0404682159,0.5151225328,10190,2787190,66850178,5802591,
2016-05-14,,1255.7662353516,,,,12.9125261307,77.5997161865,12.9752473831,77.6128005981,1.5059467554,3.5523130894,0.5087097287,16093,896293,60512632,10485477,
2016-05-15,,181,,,,12.9016141891,77.5903015137,12.9032526016,77.5906524658,,,,8683,758570,64797022,5122073,
2016-05-16,,74.1529922485,,,,12.9070072174,77.5989456177,12.9797000885,77.6068344116,2.3601429462,7.5723891258,0.6268801093,6761,836098,63109994,4859101,
2016-05-17,,273,,,,12.9016828537,77.5896606445,12.9809989929,77.6416015625,1.1636714935,15.8350410461,0.6034941673,8500,,66632118,4132809,
2016-05-18,,,,,,,,,,,,,10928,6560941,61199536,6010044,
2016-05-19,,,,,,,,,,,,,6569,,75536622,3415932,
2016-05-20,,,,,,,,,,,,,9621,,83686661,1740663,
2016-05-21,,142.5399627686,,,,12.9007692337,77.5651626587,13.0051460266,77.590637207,5.1331567764,8.9205436707,0.5212020278,4478,,71899797,2575004,
2016-05-22,,,,,,,,,,,,,10510,,43949270,6729851,
2016-05-23,,,,,,,,,,,,,3206,,74301583,1541876,
2016-05-24,,,,,,,,,,,,,10486,86319,62824012,6261813,
2016-05-25,,,,,,11.313785553,77.7107925415,12.7639322281,77.8291397095,3.7757380009,12.3098297119,0.5145249367,13399,,40571907,8828024,66871
2016-05-26,,,,,,,,,,,,,5573,,68224706,1840670,
2016-05-27,,,,,,11.3393239975,77.6754150391,11.4632015228,77.9294052124,6.0615081787,19.8791217804,0.5217213631,6560,,37136478,4977280,
2016-05-28,,,,,,12.9007081985,77.5649261475,13.0051765442,77.5904159546,0.9705193043,10.0115327835,0.5043537617,1391,,76672981,243974,
2016-05-29,,,,,,,,,,,,,3293,,86400000,,
2016-05-30,,,,,,12.8948087692,77.5865402222,12.9017181396,77.5904312134,1.4365538359,2.3750729561,0.5887054205,7383,,85796490,,
2016-05-31,,,,,,,,,,,,,5832,,86400000,,
2016-06-01,,,,,,,,,,,,,11260,,86400000,,
2016-06-02,,,,,,,,,,,,,13088,,86400000,,
2016-06-03,,,,,,,,,,,,,9873,,86400000,,
2016-06-04,,10.0269536972,,,,12.9011240005,77.5652084351,13.0052986145,77.5906295776,1.1503069401,8.8177671432,0.5108579397,2604,,77639952,768331,
2016-06-05,,,,,,12.9012269974,77.5897521973,12.9026050568,77.5918502808,0.7250392437,0.9792672992,0.601677537,4530,,84550615,386097,
2016-06-06,,,,,,,,,,,,,10088,,86400000,,
2016-06-07,,,,,,,,,,,,,10366,,86400000,,
2016-06-08,,,,,,,,,,,,,5069,,86400000,,
2016-06-09,,,,,,,,,,,,,3047,,80732609,783786,
2016-06-10,,,,,,,,,,,,,2471,2249566,81307840,1470200,
2016-06-11,,480,,,,12.9013442993,77.5899429321,12.9167785645,77.5958786011,2.189624548,2.189624548,2.189624548,8067,,73986844,4650854,
2016-06-12,,,,,,,,,,,,,3202,,86400000,,
2016-06-13,,609.4483032227,,,,12.9012451172,77.5858459473,12.9740047455,77.619140625,2.8621661663,7.5468044281,0.5001443624,7770,537641,78280945,1647084,
2016-06-14,,,,,,,,,,,,,6048,,86400000,,
2016-06-15,,,,,,,,,,,,,4868,,86400000,,
2016-06-16,,177.2463684082,,,,12.900601387,77.5863342285,12.9366903305,77.6962585449,0.9654552937,6.0599679947,0.5112355947,7753,,76795804,635186,
2016-06-17,,,,,,,,,,,,,19817,,86400000,,
2016-06-18,,,,,,,,,,,,,2369,,84262289,753730,
2016-06-19,,,,,,12.9011125565,77.5896072388,12.9746637344,77.6416397095,1.6351819038,14.2571697235,0.7001543641,6238,,72890283,3609857,
2016-06-20,,,,,,,,,,,,,11741,,75133454,6756389,
2016-06-21,,,,,,12.907377243,77.5952606201,12.9103422165,77.5959472656,2.5949084759,4.0157213211,0.5021647215,9861,802111,44555964,6112300,
2016-06-22,,,,,,,,,,,,,6853,,69786854,4205092,
2016-06-23,,,,,,,,,,,,,9922,,29181642,2427185,
2016-06-24,,,,,,,,,,,,,10383,,,,
2016-06-25,,,,,,1.2818770409,103.7735595703,1.301353693,103.8599624634,8.8214454651,17.3898658752,0.5504395962,15250,,53607574,9106001,
2016-06-26,,172.5932922363,,,,1.2813215256,77.5903930664,13.2003746033,103.8585968018,1.5725150108,4.7542467117,0.5078692436,14714,,36500121,9987470,
2016-06-27,,,,,,,,,,,,,4273,1940048,78969787,2884167,
2016-06-28,,,,,,,,,,,,,2946,,82862898,1443661,
2016-06-29,,,,,,,,,,,,,618,853195,83877586,,
2016-06-30,,,,,,,,,,,,,4842,,70764776,2614305,
2016-07-01,,427.171875,,,,12.9013586044,77.5902709961,12.9677648544,77.7144241333,4.1505208015,8.0705022812,0.556692183,5672,,48418344,3660245,
2016-07-02,,,,,,12.9011774063,77.5804672241,13.2013874054,77.7120361328,10.4481229782,25.2008056641,0.7160518765,13465,,57088594,7664435,
2016-07-03,,,,,,37.399597168,-122.3901138306,37.6156425476,-121.9133071899,20.3796520233,31.5410861969,8.9992237091,2608,,79496853,1306855,
2016-07-04,,2567.125,,,,37.4208564758,-121.9236221313,37.4295272827,-121.9161529541,0.8912575841,1.6130150557,0.5029591918,11520,3604061,68550814,6564809,
2016-07-05,,1608.1765136719,,,,37.4071350098,-121.9390182495,37.4184761047,-121.9264678955,3.1994826794,11.8842906952,0.5254696012,8811,807783,72698990,5227237,
2016-07-06,,3329,,,,37.4053916931,-121.9275588989,37.4237556458,-121.9185333252,1.0533463955,4.0402216911,0.5008707047,11750,,75507096,7291848,
2016-07-07,,853.4802246094,,,,37.4055137634,-121.9278030396,37.4235649109,-121.9180221558,0.9916766882,4.4661622047,0.5938426256,9607,,72420787,5048197,
2016-07-08,,300,,,,37.4208526611,-121.9197998047,37.4235420227,-121.9161529541,,,,10493,,72743955,5286012,
2016-07-09,,1324,,,,30.2020759583,-121.9289550781,37.4236946106,-97.0361938477,1.0078806877,1.8421485424,0.5039464831,7455,,53699012,3826587,
2016-07-10,,1530,,,,30.2668800354,-97.7360229492,30.2773017883,-97.7290649414,0.985671103,3.0533070564,0.5117058754,7259,,76328094,4805642,
2016-07-11,,1685,,,,30.2755203247,-97.7442626953,30.2826461792,-97.7287521362,3.2163329124,17.8807163239,0.5056313276,6705,,73711770,4156951,
2016-07-12,,2925.2221679688,,,,30.2665615082,-97.7429046631,30.282409668,-97.7286071777,2.3016631603,4.4373264313,0.5086234212,10047,,72189626,5428023,
2016-07-13,,2690.212890625,,,,30.2672691345,-97.7429733276,30.27850914,-97.7290649414,1.2466224432,2.0234217644,0.5066428185,7764,,73921212,4726463,
2016-07-14,,1635,,,,30.2768917084,-97.7429046631,30.2820720673,-97.7289810181,1.4115014076,4.9158539772,0.7180941105,8832,,65341478,5694060,
2016-07-15,,3404.2897949219,,,,30.2605323792,-97.7557754517,30.3611907959,-97.7286758423,2.5730478764,18.8589324951,0.5037891269,14097,,66585508,8289347,
2016-07-16,,7202.80859375,,,,30.2452278137,-97.7571182251,33.640827179,-84.4262084961,2.6510858536,5.8457231522,0.504123807,27819,997970,30736396,16215749,
2016-07-17,,2574.8774414063,,,,43.2549552917,-2.9377841949,43.3067359924,-2.8793289661,3.1458058357,34.5572319031,0.5017898679,11130,,39217912,7933666,
2016-07-18,,1605.7264404297,,,,43.2560424805,-2.9319887161,43.2616767883,-2.92512393,1.642739892,7.4766774178,0.5010572076,5296,1257020,77579026,3521823,
2016-07-19,,5437.1982421875,,,,43.255607605,-2.9456212521,43.2679176331,-2.9272818565,1.2104239464,6.1550064087,0.5042141676,13371,,67325020,8751987,62176
2016-07-20,,6457.9638671875,,,,43.2558860779,-2.9456071854,43.2673225403,-2.92517066,1.0389401913,4.6578302383,0.5001125336,11363,1733708,58834880,6005665,
2016-07-21,,557,,,,43.2565231323,-2.9306383133,43.2628860474,-2.9239768982,1.1658616066,1.9128690958,0.5548004508,2737,1164581,81980985,1728653,
2016-07-22,,6742.6494140625,,,,43.256275177,-2.9552779198,43.2676200867,-2.9231495857,1.6765685081,4.2018432617,0.5000976324,27780,490748,60692767,16760751,
2016-07-23,,3418.373046875,,,,43.2561798096,-2.9516131878,43.3249778748,-1.9743745327,2.1873848438,19.1520557404,0.5041643977,27872,1261609,54749293,17239887,
2016-07-24,,1219.861328125,,,,41.2881202698,-1.9105973244,43.3538589478,2.1917889118,16.7581291199,35.8606300354,0.5095991492,17392,,44871061,11340631,
2016-07-25,,-3,,,,12.9009990692,77.583366394,13.2002658844,77.710357666,,,,4058,,61259891,2910274,
2016-07-26,,,,,,,,,,,,,3952,1840491,74668872,2178258,
2016-07-27,808.8896484375,264,,,,12.9015321732,77.5903167725,12.9300479889,77.6911392212,0.986276567,9.2628250122,0.507670939,3307,,67736895,1059363,
2016-07-28,1858.5229492188,,,,,12.8918638229,77.5851593018,12.9419660568,77.5964431763,3.7249975204,6.1770911217,0.5988013148,6181,722973,54736412,4095533,
2016-07-29,1822.5042724609,-3,,,,12.8916950226,77.5850601196,12.981883049,77.7333374023,,,,2626,,60293755,1686006,
2016-07-30,1812.1887207031,,,,,12.9312334061,77.6097640991,12.9383745193,77.6139678955,7.7222456932,14.2597475052,1.3969836235,6455,,60263249,3511148,
2016-07-31,1865.052734375,,,,,,,,,,,,4323,,78036979,2606049,
2016-08-01,1991.677734375,,,,,12.9013652802,77.5902175903,12.9077625275,77.5958557129,1.0287172794,1.0662950277,0.5087289214,6515,1248173,73686248,3372260,
2016-08-02,1844.1705322266,,,,,,,,,,,,3279,,73331405,2071299,
2016-08-03,1829.5490722656,,,,,12.9015808105,77.5903625488,12.9030828476,77.5904159546,,,,2228,,79126536,1425062,
2016-08-04,1842.5908203125,,,,,,,,,,,,2772,1085222,83346368,836906,
2016-08-05,2039.1623535156,,,,,,,,,,,,5246,1995658,76277006,3141057,
2016-08-06,1922.5078125,394.6058349609,,,,12.8632621765,77.5826721191,12.9244909286,77.5995330811,,,,6793,,55814914,4717003,
2016-08-07,2279.7700195313,-3,,,,12.9015321732,77.5903778076,12.9016122818,77.5905761719,,,,7406,4182794,76930610,4670859,135463
2016-08-08,2214.9807128906,,,,,12.9013938904,77.5902862549,12.902220726,77.5905151367,1.6006480455,1.6006480455,1.6006480455,11426,1271771,77885189,6910435,
2016-08-09,2165.1184082031,,,,,12.9015817642,77.5903015137,12.9018325806,77.5904159546,,,,11576,1923347,78272998,5475417,
2016-08-10,2312.5744628906,,,,,12.9014806747,77.5900726318,12.9022388458,77.5910263062,1.6509913206,5.7409529686,0.5228999257,2101,8738179,75431780,712731,
2016-08-11,2141.9401855469,843.857421875,,,,12.9014959335,77.5900726318,12.9205179214,77.5951766968,0.9219878912,1.1336500645,0.6895773411,12408,1283231,70113107,6531155,
2016-08-12,2002.1136474609,-3,,,,,,,,,,,8800,,74515037,5143103,
2016-08-13,1628.0544433594,,,,,,,,,,,,3385,,71695809,1761330,
2016-08-14,1912.6978759766,,,,,,,,,,,,5414,,83569706,2830294,
2016-08-15,1882.3475341797,,,,,,,,,,,,4627,,83379396,2351512,
2016-08-16,1889.8074951172,,,,,,,,,,,,4813,712117,81773556,2256305,
2016-08-17,1902.0610351563,,,,,,,,,,,,8568,364400,80747333,3051406,
2016-08-18,2067.4006347656,,,,,,,,,,,,8912,1360189,78050730,4362875,
2016-08-19,1835.1688232422,-3,,,,12.9014854431,77.5902252197,12.9030294418,77.5909042358,1.6179784536,1.6938511133,0.8258377314,4007,,77731198,2278821,
2016-08-20,2020.3203125,195.4508666992,,,,12.9014291763,77.5901947021,12.973690033,77.6179504395,1.1901067495,11.8398122787,0.5102471709,6671,,69688785,4971326,
2016-08-21,2088.7534179688,,,,,,,,,,,,9824,,76501237,6608703,
2016-08-22,1924.4815673828,,,,,,,,,,,,7555,,80409982,3483744,
2016-08-23,2026.6358642578,-3,,,,,,,,,,,8864,,78442102,4917264,
2016-08-24,2152.2541503906,1822.5163574219,,,,12.9010877609,77.5903396606,12.9366006851,77.6962890625,1.1540315151,15.9604730606,0.5225461721,12534,,69155414,7375669,
2016-08-25,1787.9339599609,,,,,,,,,,,,1971,,85120990,802920,
2016-08-26,1907.3037109375,,,,,,,,,,,,7582,,79484379,3809262,
2016-08-27,1914.232421875,,,,,12.9015750885,77.5903625488,12.9030990601,77.5904388428,,,,7725,,78776523,4078371,
2016-08-28,2125.5546875,,,,,12.901594162,77.59034729,12.9030942917,77.5904312134,,,,6234,2671676,78616786,3826944,
2016-08-29,1982.4256591797,,,,,,,,,,,,1897,3748978,76072082,698501,
2016-08-30,2015.7653808594,,,,,12.901591301,77.5903549194,12.9016475677,77.5903930664,,,,10224,,80056375,4865995,
2016-08-31,1747.2231445313,-6,,,,,,,,,,,3064,3151054,56150013,1309159,
2016-09-01,2183.5703125,,,,,,,,,,,,7149,4438588,75260778,3271283,
2016-09-02,1840.1696777344,,,,,,,,,,,,2283,617110,74428106,1092019,
2016-09-03,2173.853515625,1948.6177978516,,,,12.9006462097,77.5856781006,12.9151906967,77.5919570923,0.8829244971,2.6081337929,0.5070281625,13817,,73945522,7924079,120721
2016-09-04,2066.9052734375,-6,,,,,,,,,,,8974,1177329,75518424,5711011,
2016-09-05,1764.3861083984,,,,,,,,,,,,5392,,73372668,3056904,
2016-09-06,2103.9929199219,48.4706459045,,,,12.9011888504,77.5899810791,12.9024047852,77.5905303955,1.5843971968,2.6809446812,0.5359104276,8853,1149372,79881012,4585375,247416
2016-09-07,1929.7674560547,,,,,12.901184082,77.5901641846,12.9018907547,77.5904083252,,,,7094,637942,78768357,3548462,
2016-09-08,1792.1295166016,,,,,,,,,,,,4988,,76870587,2299522,
2016-09-09,2096.345703125,,,,,,,,,,,,7389,1972798,79358314,4245248,
2016-09-10,2027.4599609375,266.8604125977,,,,12.9011077881,77.5899887085,12.9976797104,77.7008132935,2.8082249165,14.6807365417,0.5352573991,11562,,54833723,7281789,
2016-09-11,2001.7348632813,162.806350708,,,,12.9015569687,77.5899963379,12.9673709869,77.7025985718,0.7152347565,0.88774544,0.5604978204,9643,,66951617,6190501,63508
2016-09-12,1569.3223876953,-3,,,,,,,,,,,2480,,71526785,660000,
2016-09-13,1962.9262695313,,,,,,,,,,,,7870,,80130810,3840573,
2016-09-14,1983.2958984375,,,,,12.9014959335,77.5900497437,12.9016752243,77.5905761719,0.6212215424,0.709169507,0.533241272,8317,,81750115,4225333,
2016-09-15,1829.4411621094,,,,,,,,,,,,2220,,83783749,1377723,
2016-09-16,1788.1618652344,36.2972297668,,,,12.9007883072,77.5858154297,12.950709343,77.6996536255,3.7537126541,4.4485478401,0.6581551433,2827,,61146985,2216256,
2016-09-17,1700.3796386719,,,,,,,,,,,,3139,,70326381,1876384,
2016-09-18,1772.8682861328,41.7068557739,,,,12.9013175964,77.5903396606,12.9639005661,77.6384277344,1.5681775808,3.5596215725,0.5123890638,1662,,76531888,927706,
2016-09-19,2126.4270019531,,,,,,,,,,,,8942,1916755,76651342,5406985,
2016-09-20,1796.9028320313,,,,,,,,,,,,2917,,84329542,1127591,
2016-09-21,2202.26953125,,,,,,,,,,,,7398,4572226,74573519,3464448,
2016-09-22,1968.1162109375,-6,,,,12.9011907578,77.5902175903,12.9162979126,77.6325302124,3.3978681564,7.3871150017,0.7814310193,8880,,70278592,4731735,
2016-09-23,1980.60546875,,,,,,,,,,,,9166,,74370701,4689699,
2016-09-24,1910.0891113281,,,,,12.9008846283,77.5519790649,13.021112442,77.6318817139,1.2212318182,10.8515806198,0.501239717,1890,2963744,63147129,480428,
2016-09-25,1978.6154785156,,,,,,,,,,,,9062,275136,75417251,5541516,
2016-09-26,1762.0400390625,-3,,,,,,,,,,,3063,,70125109,1379375,
2016-09-27,1863.5573730469,,,,,,,,,,,,3657,,81685330,2338387,
2016-09-28,2150.4880371094,,,,,,,,,,,,12785,,73737666,7605903,
2016-09-29,1912.1844482422,-3,,,,,,,,,,,6467,,75851293,3610012,
2016-09-30,1798.21484375,,,,,12.9015436172,77.5899658203,12.9032077789,77.5905380249,0.7273732424,0.8276756406,0.6270708442,4359,,79379919,1903291,
2016-10-01,1885.4744873047,,,,,,,,,,,,5244,,82160537,2776972,
2016-10-02,1677.7816162109,,,,,,,,,,,,3623,,70174590,2086759,
2016-10-03,1980.7556152344,,,,,,,,,,,,5054,1977121,74827883,2828903,
2016-10-04,1858.2740478516,-3,,,,,,,,,,,3628,2088305,71787169,1333235,
2016-10-05,2124.1381835938,,,,,,,,,,,,10519,1738263,76961259,5124742,
2016-10-06,2212.3623046875,,,,,12.8993759155,77.5886535645,13.0445632935,77.695930481,0.8141675591,18.0610275269,0.6330946684,10857,2529149,67296842,5596050,
2016-10-07,2018.7421875,,,,,12.8917131424,77.4807357788,12.9615364075,77.6568374634,1.3047537804,2.8222122192,0.5110569,10945,,63426191,5760021,
2016-10-08,1980.3740234375,,,,,,,,,,,,10160,,73338954,5421646,
2016-10-09,1977.0167236328,,,,,,,,,,,,8644,,76986726,4566579,
2016-10-10,1908.5946044922,171.990447998,,,,12.9015407562,77.5901031494,12.9031705856,77.5906448364,,,,4895,,61580956,3291169,
2016-10-11,1975.8483886719,,,,,,,,,,,,6565,,80877582,4358298,
2016-10-12,2052.4453125,,,,,,,,,,,,10591,,72282948,4944866,482171
2016-10-13,2140.9162597656,-3,,,,,,,,,,,10767,1141652,77285725,5062747,435071
2016-10-14,1896.4659423828,-3,,,,,,,,,,,5233,585613,72408456,4029986,
2016-10-15,2098.4230957031,,,,,,,,,,,,8600,2740074,77073676,3691635,
2016-10-16,1832.8598632813,,,,,,,,,,,,4513,,75519288,2270956,
2016-10-17,2227.5634765625,,,,,,,,,,,,14954,,72391500,8666226,261713
2016-10-18,2106.7880859375,-3,,,,,,,,,,,11672,,69398602,6839607,258081
2016-10-19,1900.5570068359,,,,,,,,,,,,7078,,76235863,3846459,
2016-10-20,1882.6839599609,-3,,,,,,,,,,,8623,,66946285,4094801,69101
2016-10-21,2106.5087890625,-3,,,,,,,,,,,12243,,69818825,7650944,275924
2016-10-22,1715.3543701172,,,,,,,,,,,,4629,,78029236,1694868,
2016-10-23,1797.2770996094,,,,,12.9009990692,77.5899429321,12.9289684296,77.6290359497,1.5802146196,13.1271066666,0.5169073939,1607,,80229788,978822,
2016-10-24,1887.6123046875,5.1750841141,,,,12.9002103806,77.5694198608,12.9571294785,77.5916595459,1.2836917639,1.4333349466,0.957018733,2368,1450258,72730294,1324435,
2016-10-25,1967.5447998047,-3,,,,,,,,,,,6332,733775,73666431,3306478,
2016-10-26,1883.9393310547,1078.578125,,,,12.9005556107,77.5901947021,12.9614973068,77.6443939209,1.5671707392,15.3198299408,0.508790493,5990,,64116011,3987051,
2016-10-27,2095.1015625,-3,,,,,,,,,,,11095,,69935122,7641907,
2016-10-28,2374.599609375,9.3608236313,,,,12.9015569687,77.5901031494,12.903301239,77.5907287598,1.2453644276,2.7159917355,0.7277342081,14661,2124173,68223102,10424636,
2016-10-29,2026.6085205078,,,,,,,,,,,,12845,,62773499,7667648,
2016-10-30,1900.3968505859,1671.1655273438,,,,12.9005651474,77.5900115967,12.9190034866,77.6106033325,1.4397600889,9.3310594559,0.5480059385,4004,1160269,64623741,2710474,
2016-10-31,1961.7087402344,,,,,12.9015407562,77.5902862549,12.9017591476,77.590461731,,,,7205,,77877106,4510167,
2016-11-01,2213.3972167969,-3,,,,,,,,,,,10043,2860799,66764844,6110968,67232
2016-11-02,2068.1994628906,2080.6547851563,,,,12.8977899551,77.5858840942,12.9061441422,77.5909118652,0.7733355761,2.5253071785,0.5285164714,11146,995017,61771388,5747178,300354
2016-11-03,2123.1965332031,1937.0939941406,,,,12.901181221,77.5899276733,12.9035568237,77.591003418,1.1203398705,5.1036810875,0.6400036812,10339,3022421,64790873,5664560,
2016-11-04,1963.7113037109,322.963104248,,,,12.9007463455,77.5901947021,12.9047441483,77.5918502808,0.7748305798,0.8200497031,0.7296114564,7010,,64371360,4708219,
2016-11-05,2207.080078125,,,,,12.9016284943,77.5902862549,12.903128624,77.5903701782,,,,10095,828940,66296617,9024826,
2016-11-06,1975.7313232422,-3,,,,,,,,,,,6204,,81485250,4196863,
2016-11-07,1890.5211181641,192.5382080078,,,,12.9015827179,77.579536438,12.9074583054,77.591583252,,,,4691,,77022772,2938595,
2016-11-08,1892.7214355469,,,,,,,,,,,,2004,1508621,80631060,997480,
2016-11-09,1865.4484863281,,,,,,,,,,,,3168,1153966,78018442,1269125,
2016-11-10,1896.1566162109,658.3689575195,,,,12.9010210037,77.5901947021,12.9738702774,77.6195602417,2.7971789837,6.9171423912,0.733330071,4147,716568,72693179,2099524,
2016-11-11,2056.6945800781,,,,,,,,,,,,9226,,72983775,6059756,
2016-11-12,1986.9803466797,971.2926635742,,,,12.9016284943,77.5888214111,12.9605617523,77.6904830933,3.4606592655,13.9684658051,0.5038233995,7930,,60048144,4775014,84402
2016-11-13,1963.2956542969,-3,,,,,,,,,,,6731,,82068665,3881949,
2016-11-14,1885.7272949219,1150.1104736328,,,,12.9015407562,77.5901947021,12.9343156815,77.6224212646,0.7149634957,1.0878802538,0.5269804001,7501,,74549967,2813794,213918
2016-11-15,2133.3952636719,,,,,,,,,,,,8881,2427011,73020764,4435323,
2016-11-16,2199.1052246094,,,,,,,,,,,,12774,2323527,71391123,6757838,
2016-11-17,1983.9117431641,,,,,,,,,,,,10721,,70941121,6336487,
2016-11-18,1933.982421875,2343.7111816406,,,,12.9028015137,77.5899734497,12.9077568054,77.5958404541,,,,6017,392486,73841237,3228994,
2016-11-19,2238.9675292969,438.076965332,,,,12.8989334106,77.5956573486,12.9171056747,77.6320114136,2.6729085445,11.1404848099,0.5000054836,10129,4130250,60853265,6201130,
2016-11-20,1919.7944335938,-3,,,,,,,,,,,6253,,81542628,3300263,
2016-11-21,1887.0075683594,845.8426513672,,,,12.9028558731,77.5901031494,12.9761753082,77.7112731934,0.8171796203,1.9926034212,0.5036805868,10967,,46702439,6275712,68684
2016-11-22,1639.7097167969,974.5308227539,,,,12.9035234451,77.5903320313,12.9762554169,77.7119750977,2.6494956017,4.3347220421,0.5038382411,9559,935632,40358871,4673824,23778
2016-11-23,1753.3209228516,-3,,,,,,,,,,,3787,,78038351,822649,
2016-11-24,1843.5461425781,395.2069702148,,,,12.9006624222,77.5900115967,12.9364080429,77.6963348389,0.6066986322,5.3768200874,0.5964032412,1853,508529,73389190,1109576,
2016-11-25,1913.4770507813,509.7319335938,,,,12.9011077881,77.5900115967,12.9619579315,77.6444091797,1.5324616432,7.0859570503,0.6429833174,6284,,63732638,3559803,
2016-11-26,1951.3720703125,1880.5504150391,,,,12.9010639191,77.5900115967,12.9158334732,77.5958786011,1.3375412226,4.2643227577,0.6911502481,4844,1366654,76120648,2442615,
2016-11-27,1914.1849365234,1421.412109375,,,,12.9007501602,77.5900115967,12.9350166321,77.6232681274,1.1295826435,2.7283353806,0.5291028023,4211,1159122,73952677,2296628,
2016-11-28,1948.7280273438,,,,,,,,,,,,4044,1757479,70782684,2015534,
2016-11-29,2107.1965332031,2295.6843261719,,,,12.900894165,77.5900115967,12.9372396469,77.6971359253,1.6211589575,3.2499377728,0.6618254185,13392,,70619441,7433711,
2016-11-30,1837.8643798828,-3,,,,,,,,,,,4617,1417941,68192800,2379827,
2016-12-01,1832.9709472656,-3,,,,12.901512146,77.5893630981,12.9339351654,77.6234512329,1.9919935465,2.931576252,0.5137090683,3108,,68082832,1551310,
2016-12-02,1679.6502685547,117.5627365112,,,,12.89158535,77.5848770142,12.9032087326,77.5909118652,2.9899842739,5.8663058281,1.2647674084,4774,,68534768,712052,
2016-12-03,1874.0690917969,3.29515028,,,,12.906662941,77.5950317383,12.9605531693,77.6432189941,2.9142537117,5.4248123169,0.5035142899,6626,,54745743,3184829,
2016-12-04,1384.2534179688,-3,,,,12.900847435,77.5902862549,12.9623670578,77.6437683105,1.5185116529,2.5314366817,0.8977406621,8012,,34732898,3797405,
2016-12-05,2144.2746582031,2717.3342285156,,,,1.2925928831,103.8550567627,1.3564064503,103.9888687134,0.8643088937,7.4931259155,0.5017504692,10797,,69369285,7298240,
2016-12-06,2129.6452636719,-3,,,,1.2878030539,103.8441314697,1.2952950001,103.8597183228,3.2786850929,4.0024409294,2.5549294949,11212,,74257778,6899132,
2016-12-07,2307.7971191406,457.7981262207,,,,1.2922430038,103.8313369751,1.3077367544,103.8588104248,0.743680656,3.4799125195,0.502820313,11631,848480,67248036,9090034,
2016-12-08,2070.8510742188,428.0841064453,,,,1.2925575972,103.8579025269,1.2952586412,103.8591003418,,,,10370,,63663766,6774832,
2016-12-09,2271.6000976563,107.3989028931,,,,1.279645443,103.8448562622,1.2837028503,103.8539199829,0.7277421951,1.1875476837,0.5058715343,14391,669292,61537410,9290960,
2016-12-10,2089.3515625,13.8221912384,,,,1.2811559439,103.8306045532,1.3434686661,103.8705596924,1.9171415567,8.0912694931,0.6024090648,11749,,67472023,8262576,
2016-12-11,1814.3719482422,-6,,,,1.3023215532,77.7087173462,13.2003622055,103.8321762085,0.5435398221,0.9402953386,0.5172390938,10688,,45409837,7524092,
2016-12-12,1950.6026611328,-3,,,,,,,,,,,1974,2349553,75994275,1282545,
2016-12-13,1805.6721191406,521.6393432617,,,,12.9009685516,77.5898361206,12.936961174,77.6130218506,1.8910844326,7.334754467,0.511818409,2028,,72239415,1111380,
2016-12-14,1843.5627441406,-3,,,,,,,,,,,2591,,78864471,1742612,
2016-12-15,1823.0042724609,447.3227233887,,,,12.9000463486,77.5900115967,12.9365348816,77.6130218506,1.5591689348,2.0858500004,0.5075797439,2680,,62583662,1490459,
2016-12-16,1971.0670166016,1101.353515625,,,,12.9010057449,77.5899276733,12.971991539,77.6444549561,1.7270030975,13.669046402,0.5186073184,8487,,59057949,5309472,
2016-12-17,2080.8039550781,323.5100097656,,,,12.900847435,77.5900115967,12.9338111877,77.6122207642,1.353823185,5.0730028152,0.8119401336,11055,,60920719,5953198,
2016-12-18,2077.2895507813,2763.9440917969,,,,12.9015827179,77.5899276733,12.9140300751,77.595375061,0.9962232709,1.4016190767,0.5727928281,10311,,74804139,6109139,
2016-12-19,1877.0012207031,,,,,,,,,,,,4842,,74146350,2666449,
2016-12-20,2253.4760742188,7691.7270507813,,,,12.9009418488,77.5901031494,12.9392356873,77.6965103149,2.0473875999,12.1638393402,0.5003839731,13087,1227901,57636725,7726362,
2016-12-21,2057.7277832031,-3,,,,,,,,,,,9834,,77298496,6362761,
2016-12-22,1596.0235595703,552.028137207,,,,12.9011211395,77.5898742676,12.9370088577,77.6130218506,2.123431921,13.4165344238,0.5,3409,1755244,59065830,2767661,
2016-12-23,1882.1848144531,,,,,11.5333108902,76.0342178345,12.4195737839,76.7060928345,8.0309886932,98,0.5,6812,,44019627,4889963,
2016-12-24,2005.1387939453,,,,,11.5334939957,75.9528121948,11.6778488159,76.0347824097,4.6172218323,15.1099996567,0.5299999714,7953,,52705363,5996951,156066
2016-12-25,1905.4377441406,52.5336380005,,,,11.5334119797,76.0342559814,11.5343294144,76.0347824097,1.2688503265,5.4800000191,0.5099999905,7941,,55887063,5495504,
2016-12-26,1909.0805664063,607.9111328125,,,,11.530620575,76.0337371826,12.9067106247,77.5913848877,6.4462213516,81,0.5099999905,7127,,45502434,4771627,
2016-12-27,2316.0903320313,2651.2802734375,,,,12.9010391235,77.5900115967,12.9079637527,77.5961990356,1.4549996853,2.8399999142,0.6000000238,12566,,67588471,9935057,
2016-12-28,1957.9456787109,729.26953125,,,,12.9015827179,77.5899276733,12.9650449753,77.6431884766,2.2698032856,13.5200004578,0.5500000119,5348,,73564532,3627221,
2016-12-29,1976.9877929688,,,,,,,,,,,,4835,,79495205,3962606,
2016-12-30,1764.3024902344,,,,,,,,,,,,634,,81174759,216677,
2016-12-31,1932.0869140625,,,,,,,,,,,,4250,,75912889,3171788,
2017-01-01,2196.8051757813,1461.7103271484,,,,12.9009103775,77.5899276733,12.9163379669,77.5921630859,,,,11218,1184098,76500958,6565466,
2017-01-02,1961.8428955078,2994.4606933594,,,,12.9010419846,77.5899276733,12.9326019287,77.6336898804,1.4682919979,9.7899999619,0.5,2577,1905014,71746980,1654783,
2017-01-03,2068.4758300781,-3,,,,12.901468277,77.590171814,12.9032096863,77.5911331177,0.7140004635,3.6700000763,0.5199999809,10057,,78276870,5687876,
2017-01-04,1985.1840820313,672.7216186523,,,,12.9015359879,77.58984375,12.903301239,77.5915145874,1.0583895445,1.9299999475,0.5,4265,,78014207,4106411,
2017-01-05,2049.7976074219,-3,,,,,,,,,,,5629,1011477,69526134,4161246,
2017-01-06,2108.646484375,1266.484375,,,,12.9011154175,77.5899276733,12.9741477966,77.6191329956,2.8424916267,15.2531471252,0.5099999905,5946,1136176,71806150,5064114,
2017-01-07,1957.6916503906,1392.7917480469,,,,12.9015827179,77.5899276733,12.9369974136,77.6124191284,1.4447247982,13.2100000381,0.5,5089,,70642754,3622752,
2017-01-08,1915.2613525391,1083.8525390625,,,,12.9004955292,77.528213501,13.0114545822,77.5911331177,2.8026914597,22.4500007629,0.5,3433,597972,64023409,2234764,
